-- Create Tables

CREATE TABLE users (
  email TEXT PRIMARY KEY,
  name TEXT UNIQUE,
  password TEXT NOT NULL
);

CREATE TABLE category (
  category_id INTEGER PRIMARY KEY,
  category_name TEXT UNIQUE
);

CREATE TABLE api (
  api_id INTEGER PRIMARY KEY,
  api_name TEXT UNIQUE,
  api_author TEXT,
  category_id INTEGER,
  FOREIGN KEY (category_id) REFERENCES category(category_id)
);

CREATE TABLE history (
  year TEXT NOT NULL,
  month TEXT NOT NULL,
  api_id INTEGER NOT NULL,
  visit INTEGER NOT NULL,
  share INTEGER NOT NULL,
  action INTEGER NOT NULL,
  FOREIGN KEY (api_id) REFERENCES api(api_id),
  PRIMARY KEY (year, month, api_id)
);

-- Insert to tables

INSERT INTO users(email, name, password) VALUES
 ('bagasjiwanta@gmail.com', 'I Putu Andika Bagas Jiwanta', 'ef797c8118f02dfb649607dd5d3f8c7623048c9c063d532cc95c5ed7a898a64f')
,('requester@example.com', 'Service Requester', '405efb4fbc362eca3f9ecd33de24c9c7dab718db87690f198e6f943e98854d47');

INSERT INTO category(category_id,category_name) VALUES
 (1,'virtual tour')
,(2,'culinary')
,(3,'travel blog')
,(4,'hotel')
,(5,'event')
,(6,'art');

INSERT INTO api(api_id,api_name,api_author,category_id) VALUES
 (1,'Braga','Pemerintah Kota Bandung',1)
,(2,'Teras Cikapundung','Pemerintah Kota Bandung',1)
,(3,'Universitas Pendidikan Indonesia','Universitas Pendidikan Indonesia',1)
,(4,'Ereveld Pandu','Pemerintah Provinsi Jawa Barat',1)
,(5,'Peta Park','Pemerintah Kota Bandung',1)
,(6,'Museum Pendidikan Nasional','Pemerintah Kota Bandung',1)
,(7,'Lengkong Culinary Street','Pemerintah Kota Bandung',1)
,(8,'Cimol Mentega Pak Nur','Cimol Pak Nur',2)
,(9,'Putri Noong','Putri Noong Braga',2)
,(10,'Opak Manis','Lavika Group',2)
,(11,'Onde-onde pasar Dago','Pasar Dago Group',2)
,(12,'Otak-otak Bu Sidi','Bu Sidi Group',2)
,(13,'Cimol Lautan','Lautan Group',2)
,(14,'Ayam Panggang Karo Lapo','Lapo',2)
,(15,'Visit Bandung : A Travel Guide to Indonesia','willflyforfood.com',3)
,(16,'Itinerary dan Budget Trip Bandung','nadya@missnidy.com',3)
,(17,'Cimol Kencana','willflyforfood.com',3)
,(18,'Best Things to Do at Bandung','Dream Big Travel Far',3)
,(19,'Bandung Travel Blog','Sharon Loh',3)
,(20,'Liburan ke Bandung','tiket.com',3)
,(21,'Cheap Hotel Coupon Finder','Andreana Hartadi',4)
,(22,'Cari Kamar Cepat','Natanael Dias',4)
,(23,'Hotels for You','Traveloka',4)
,(24,'Basecamp Finder','Agoda',4)
,(25,'Event Calendar Bandung','instagram.com/eventbandungid',5)
,(26,'Frequent Music Event Bandung','Frequent.id',5)
,(27,'Sunmori Yuk','Motorclub bandung',5)
,(28,'Kalender Seni Bali','Maha Gotra Ganesha ITB',6)
,(29,'Lengkapi Senimu di Bandung','Pemerintah Kota Bandung',6)
,(30,'Majalah seni','berseniyuk.id',6);

INSERT INTO history(month,year,api_id,visit,share,action) VALUES
 ('01','2022',1,7943,758,350)
,('02','2022',1,4980,502,167)
,('03','2022',1,6053,238,115)
,('04','2022',1,7476,1476,178)
,('05','2022',1,9090,1408,232)
,('06','2022',1,8395,201,162)
,('07','2022',1,7186,1389,485)
,('08','2022',1,7338,1334,235)
,('09','2022',1,4663,1431,192)
,('10','2022',1,2819,227,261)
,('11','2022',1,3492,363,151)
,('01','2022',2,4012,392,180)
,('02','2022',2,7655,757,494)
,('03','2022',2,8470,944,179)
,('04','2022',2,7236,366,147)
,('05','2022',2,9852,225,297)
,('06','2022',2,6364,737,156)
,('07','2022',2,8277,528,453)
,('08','2022',2,3523,978,288)
,('09','2022',2,5059,525,287)
,('10','2022',2,6388,1300,115)
,('11','2022',2,3126,792,490)
,('01','2022',3,2962,683,447)
,('02','2022',3,8545,824,296)
,('03','2022',3,6801,431,394)
,('04','2022',3,4626,1369,309)
,('05','2022',3,4979,715,238)
,('06','2022',3,2776,616,171)
,('07','2022',3,7006,1425,437)
,('08','2022',3,6468,816,287)
,('09','2022',3,3052,1384,404)
,('10','2022',3,8983,1295,127)
,('11','2022',3,7655,1293,436)
,('01','2022',4,6883,1452,460)
,('02','2022',4,8897,322,428)
,('03','2022',4,3826,1358,161)
,('04','2022',4,4005,775,462)
,('05','2022',4,2230,429,366)
,('06','2022',4,8026,1090,216)
,('07','2022',4,4332,1323,488)
,('08','2022',4,9813,561,279)
,('09','2022',4,4221,1153,211)
,('10','2022',4,5532,736,204)
,('11','2022',4,6679,1465,404)
,('01','2022',5,4704,772,441)
,('02','2022',5,3246,271,434)
,('03','2022',5,8682,596,351)
,('04','2022',5,3726,1169,114)
,('05','2022',5,7715,976,372)
,('06','2022',5,9517,850,442)
,('07','2022',5,3806,1077,457)
,('08','2022',5,6047,748,307)
,('09','2022',5,3073,387,449)
,('10','2022',5,8588,1121,270)
,('11','2022',5,7110,637,392)
,('01','2022',6,4287,1484,156)
,('02','2022',6,5583,836,313)
,('03','2022',6,2737,1381,230)
,('04','2022',6,6540,776,177)
,('05','2022',6,7815,1161,191)
,('06','2022',6,5297,382,454)
,('07','2022',6,5971,1307,403)
,('08','2022',6,8492,1491,435)
,('09','2022',6,6341,374,245)
,('10','2022',6,4444,515,477)
,('11','2022',6,4892,1478,486)
,('01','2022',7,7396,1094,209)
,('02','2022',7,5761,378,209)
,('03','2022',7,8034,370,147)
,('04','2022',7,6608,983,404)
,('05','2022',7,9158,436,229)
,('06','2022',7,7148,204,414)
,('07','2022',7,5264,1266,416)
,('08','2022',7,3626,451,122)
,('09','2022',7,7234,843,135)
,('10','2022',7,2134,832,290)
,('11','2022',7,4544,1052,342)
,('01','2022',8,2061,510,446)
,('02','2022',8,2773,286,389)
,('03','2022',8,8476,820,184)
,('04','2022',8,5167,452,243)
,('05','2022',8,5651,1328,258)
,('06','2022',8,9538,1054,359)
,('07','2022',8,8979,1387,292)
,('08','2022',8,4611,1405,365)
,('09','2022',8,6037,981,344)
,('10','2022',8,3233,879,493)
,('11','2022',8,2883,313,392)
,('01','2022',9,2721,1252,347)
,('02','2022',9,7685,1366,487)
,('03','2022',9,9107,491,386)
,('04','2022',9,7777,1462,451)
,('05','2022',9,5891,1261,446)
,('06','2022',9,7795,696,161)
,('07','2022',9,3854,1500,412)
,('08','2022',9,2127,393,126)
,('09','2022',9,7743,586,334)
,('10','2022',9,6125,1470,263)
,('11','2022',9,2961,337,209)
,('01','2022',10,3322,1280,214)
,('02','2022',10,7284,528,317)
,('03','2022',10,9805,910,388)
,('04','2022',10,6276,1095,264)
,('05','2022',10,6869,522,376)
,('06','2022',10,8535,252,447)
,('07','2022',10,8151,1126,399)
,('08','2022',10,4208,1039,497)
,('09','2022',10,4917,1078,277)
,('10','2022',10,6752,703,176)
,('11','2022',10,6346,1191,432)
,('01','2022',11,5472,1293,482)
,('02','2022',11,5967,686,446)
,('03','2022',11,3779,1272,232)
,('04','2022',11,7875,447,332)
,('05','2022',11,8993,676,352)
,('06','2022',11,8123,1053,220)
,('07','2022',11,3370,216,133)
,('08','2022',11,6884,1354,489)
,('09','2022',11,2847,1422,383)
,('10','2022',11,4766,638,102)
,('11','2022',11,8717,893,152)
,('01','2022',12,6219,975,156)
,('02','2022',12,9444,629,320)
,('03','2022',12,9247,227,411)
,('04','2022',12,3450,978,149)
,('05','2022',12,7053,1179,289)
,('06','2022',12,2689,1014,167)
,('07','2022',12,4727,1140,236)
,('08','2022',12,2610,217,291)
,('09','2022',12,7519,1154,344)
,('10','2022',12,2965,686,357)
,('11','2022',12,3936,603,411)
,('01','2022',13,5085,550,205)
,('02','2022',13,9647,470,353)
,('03','2022',13,2734,1446,455)
,('04','2022',13,8794,354,212)
,('05','2022',13,6092,648,155)
,('06','2022',13,8470,336,493)
,('07','2022',13,2290,1479,267)
,('08','2022',13,9764,715,324)
,('09','2022',13,8381,285,399)
,('10','2022',13,3677,819,437)
,('11','2022',13,2887,941,464)
,('01','2022',14,8563,272,474)
,('02','2022',14,6725,215,368)
,('03','2022',14,9317,297,220)
,('04','2022',14,9647,1382,340)
,('05','2022',14,4747,591,317)
,('06','2022',14,5270,337,192)
,('07','2022',14,2714,917,251)
,('08','2022',14,3022,1457,362)
,('09','2022',14,3942,850,357)
,('10','2022',14,9501,1426,418)
,('11','2022',14,7219,747,158)
,('01','2022',15,7996,610,446)
,('02','2022',15,6537,279,492)
,('03','2022',15,2898,952,487)
,('04','2022',15,5950,760,176)
,('05','2022',15,7745,264,476)
,('06','2022',15,9778,1018,220)
,('07','2022',15,7548,1468,190)
,('08','2022',15,8929,585,336)
,('09','2022',15,5541,457,210)
,('10','2022',15,4974,229,299)
,('11','2022',15,8899,705,289)
,('01','2022',16,7793,924,206)
,('02','2022',16,4975,285,164)
,('03','2022',16,7092,879,214)
,('04','2022',16,8110,725,112)
,('05','2022',16,9367,947,377)
,('06','2022',16,5468,227,341)
,('07','2022',16,7440,1435,230)
,('08','2022',16,7233,813,478)
,('09','2022',16,2114,565,187)
,('10','2022',16,6375,510,328)
,('11','2022',16,6076,665,252)
,('01','2022',17,2772,1347,251)
,('02','2022',17,3071,574,128)
,('03','2022',17,7708,1010,182)
,('04','2022',17,7071,510,172)
,('05','2022',17,9438,1082,349)
,('06','2022',17,6120,500,445)
,('07','2022',17,9187,1332,495)
,('08','2022',17,8056,309,440)
,('09','2022',17,8906,1191,460)
,('10','2022',17,4022,1027,186)
,('11','2022',17,4980,1178,339)
,('01','2022',18,5469,599,185)
,('02','2022',18,4806,392,187)
,('03','2022',18,6699,532,369)
,('04','2022',18,3732,1351,417)
,('05','2022',18,8490,219,287)
,('06','2022',18,5762,1172,174)
,('07','2022',18,8678,588,213)
,('08','2022',18,8231,1316,251)
,('09','2022',18,6642,634,472)
,('10','2022',18,6669,1032,143)
,('11','2022',18,8681,973,499)
,('01','2022',19,2696,801,241)
,('02','2022',19,5393,506,414)
,('03','2022',19,6523,683,482)
,('04','2022',19,2744,310,191)
,('05','2022',19,2493,1299,220)
,('06','2022',19,2274,538,374)
,('07','2022',19,3114,662,305)
,('08','2022',19,7208,1463,140)
,('09','2022',19,9893,965,243)
,('10','2022',19,8970,596,143)
,('11','2022',19,6854,382,310)
,('01','2022',20,6500,1148,285)
,('02','2022',20,9563,765,465)
,('03','2022',20,3157,1049,427)
,('04','2022',20,4077,491,287)
,('05','2022',20,9049,508,261)
,('06','2022',20,8152,973,339)
,('07','2022',20,5676,1129,259)
,('08','2022',20,6037,1163,474)
,('09','2022',20,3548,605,342)
,('10','2022',20,9367,1136,323)
,('11','2022',20,8818,493,499)
,('01','2022',21,9845,416,260)
,('02','2022',21,7242,349,283)
,('03','2022',21,2130,1417,330)
,('04','2022',21,3943,1093,452)
,('05','2022',21,7173,277,254)
,('06','2022',21,2196,968,305)
,('07','2022',21,8670,209,247)
,('08','2022',21,7165,615,133)
,('09','2022',21,5902,231,140)
,('10','2022',21,7295,1010,358)
,('11','2022',21,3314,450,130)
,('01','2022',22,5955,1073,498)
,('02','2022',22,2640,217,249)
,('03','2022',22,6381,1500,488)
,('04','2022',22,7681,1072,360)
,('05','2022',22,8101,1185,149)
,('06','2022',22,6303,688,318)
,('07','2022',22,3759,1037,313)
,('08','2022',22,4088,345,109)
,('09','2022',22,8653,485,202)
,('10','2022',22,6148,685,142)
,('11','2022',22,2376,896,172)
,('01','2022',23,9130,1038,376)
,('02','2022',23,6139,1082,419)
,('03','2022',23,8538,914,495)
,('04','2022',23,2516,298,368)
,('05','2022',23,7685,261,107)
,('06','2022',23,5362,538,297)
,('07','2022',23,5795,984,249)
,('08','2022',23,8319,984,386)
,('09','2022',23,2801,1273,453)
,('10','2022',23,4412,972,165)
,('11','2022',23,5475,605,299)
,('01','2022',24,4825,751,339)
,('02','2022',24,9214,639,382)
,('03','2022',24,8891,227,366)
,('04','2022',24,9011,1268,379)
,('05','2022',24,5985,1173,450)
,('06','2022',24,2801,380,185)
,('07','2022',24,4282,1447,334)
,('08','2022',24,6283,291,103)
,('09','2022',24,7317,502,257)
,('10','2022',24,2120,1395,416)
,('11','2022',24,2676,1118,395)
,('01','2022',25,8885,1013,446)
,('02','2022',25,9915,1200,114)
,('03','2022',25,6376,1395,213)
,('04','2022',25,9031,618,182)
,('05','2022',25,8189,711,102)
,('06','2022',25,4585,317,235)
,('07','2022',25,9820,459,107)
,('08','2022',25,3477,1473,146)
,('09','2022',25,8433,1226,227)
,('10','2022',25,7393,689,318)
,('11','2022',25,3099,356,322)
,('01','2022',26,6376,906,450)
,('02','2022',26,3274,1155,123)
,('03','2022',26,9463,1404,342)
,('04','2022',26,5173,1297,105)
,('05','2022',26,2119,1453,179)
,('06','2022',26,8457,1387,378)
,('07','2022',26,7380,730,125)
,('08','2022',26,6270,509,186)
,('09','2022',26,9640,1412,189)
,('10','2022',26,6167,746,159)
,('11','2022',26,6781,559,299)
,('01','2022',27,2481,540,237)
,('02','2022',27,4398,648,234)
,('03','2022',27,2257,1312,117)
,('04','2022',27,2901,644,140)
,('05','2022',27,8020,591,426)
,('06','2022',27,7830,1324,206)
,('07','2022',27,4740,412,448)
,('08','2022',27,7767,1055,156)
,('09','2022',27,6915,1012,320)
,('10','2022',27,8810,627,362)
,('11','2022',27,2113,496,112)
,('01','2022',28,2636,609,293)
,('02','2022',28,7519,963,162)
,('03','2022',28,6194,316,184)
,('04','2022',28,3821,480,250)
,('05','2022',28,4395,1405,315)
,('06','2022',28,8002,1426,242)
,('07','2022',28,2387,1042,187)
,('08','2022',28,2113,694,273)
,('09','2022',28,7506,1229,440)
,('10','2022',28,8242,1070,410)
,('11','2022',28,3049,1155,183)
,('01','2022',29,3514,495,207)
,('02','2022',29,9094,1074,240)
,('03','2022',29,2924,1184,120)
,('04','2022',29,2968,1049,448)
,('05','2022',29,4308,645,338)
,('06','2022',29,8305,764,233)
,('07','2022',29,6571,1109,121)
,('08','2022',29,9745,1154,382)
,('09','2022',29,3771,399,135)
,('10','2022',29,4780,1484,278)
,('11','2022',29,8366,887,408)
,('01','2022',30,6494,1380,458)
,('02','2022',30,7533,508,177)
,('03','2022',30,9725,1102,375)
,('04','2022',30,9734,1249,456)
,('05','2022',30,9110,588,412)
,('06','2022',30,4701,1301,116)
,('07','2022',30,8415,1184,160)
,('08','2022',30,8953,1195,454)
,('09','2022',30,6136,1121,419)
,('10','2022',30,5420,1189,106)
,('11','2022',30,6970,319,263);
